{"cameraMode":{"drawMode":0,"name":"Shaded","section":"Shading Mode"},"sceneLighting":true,"audioPlay":false,"sceneViewState":{"showFog":true,"showMaterialUpdate":false,"showSkybox":true,"showFlares":true,"showImageEffects":true,"showParticleSystems":true},"in2DMode":false,"pivot":{"x":-6.31690788269043,"y":-40.938499450683597,"z":-34.706512451171878},"rotation":{"x":0.25289544463157656,"y":-0.07681811600923538,"z":0.020147649571299554,"w":0.9642289876937866},"size":93.5674819946289,"orthographic":false}