{"cameraMode":{"drawMode":0,"name":"Shaded","section":"Shading Mode"},"sceneLighting":true,"audioPlay":false,"sceneViewState":{"showFog":true,"showMaterialUpdate":false,"showSkybox":true,"showFlares":true,"showImageEffects":true,"showParticleSystems":true},"in2DMode":false,"pivot":{"x":-7.78125,"y":7.205061435699463,"z":0.0018335357308387757},"rotation":{"x":0.08462338149547577,"y":0.6413165330886841,"z":-0.07147981971502304,"w":0.759240448474884},"size":22.821828842163087,"orthographic":true}